FirstLastTeam,ID,First Intial,First Name,Last Name,Team,DvP Position,Position,Height,Weight
AKeathADE,1,A,Alex,Keath,ADE,KeyD,DEF,,
AMcPhersonADE,2,A,Andrew,McPherson,ADE,GenD,DEF,,
AOttenADE,3,A,Andy,Otten,ADE,KeyD,DEF,,
BCrouchADE,4,B,Brad,Crouch,ADE,Mid,MID,,
BDavisADE,5,B,Ben,Davis,ADE,GenF,FWD,,
BGibbsADE,6,B,Bryce,Gibbs,ADE,Mid,MID,,
BJarmanADE,7,B,Ben,Jarman,ADE,Mid,MID,,
BSmithADE,8,B,Brodie,Smith,ADE,GenD,DEF,,
CE-YolmenADE,9,C,Cam,Ellis-Yolmen,ADE,Mid,MID,,
CHamptonADE,10,C,Curtly,Hampton,ADE,GenD,DEF,,
CJonesADE,809,C,Chayce,Jones,ADE,MF,MID,,
DFogartyADE,11,D,Darcy,Fogarty,ADE,KeyF,FWD,193,94
DMacKayADE,12,D,David,Mackay,ADE,Mid,MID,,
DTaliaADE,13,D,Daniel,Talia,ADE,KeyD,DEF,,
EBettsADE,14,E,Eddie,Betts,ADE,GenF,FWD,,
EHimmelbergADE,15,E,Elliott,Himmelberg,ADE,KeyF,DEF,198,96
HDearADE,16,H,Harry,Dear,ADE,KeyF,FWD,,
HGreenwoodADE,17,H,Hugh,Greenwood,ADE,Mid,MID,,
JEdwardsADE,18,J,Jackson,Edwards,ADE,Mid,MID,,
JGallucciADE,19,J,Jordan,Gallucci,ADE,MF,MID,,
JJenkinsADE,20,J,Josh,Jenkins,ADE,KeyF,FWD,200,108
JKellyADE,21,J,Jake,Kelly,ADE,GenD,DEF,,
JButtsADE,810,J,Jordon,Butts,ADE,KeyF,FWD,198,86
KCheneyADE,22,K,Kyle,Cheney,ADE,GenD,DEF,,
KHartiganADE,23,K,Kyle,Hartigan,ADE,KeyD,DEF,,
KStrachanADE,811,K,Kieran,Strachan,ADE,Ruck,RU,,
LBrownADE,24,L,Luke,Brown,ADE,GenD,DEF,,
LMurphyADE,25,L,Lachlan,Murphy,ADE,GenF,FWD,,
LShollADE,812,L,Lachlan,Sholl,ADE,GenD,DEF,,
MCrouchADE,26,M,Matt,Crouch,ADE,Mid,MID,,
MPoholkeADE,28,M,Myles,Poholke,ADE,Mid,MID,,
MSignorelloADE,29,M,Matthew,Signorello,ADE,Mid,MID,,
NMcHenryADE,813,N,Ned,McHenry,ADE,MF,MID,,
PHunterADE,30,P,Paul,Hunter,ADE,Ruck,RU,,
PSeedsmanADE,31,P,Paul,Seedsman,ADE,Mid,MID,,
PWilsonADE,32,P,Patrick,Wilson,ADE,Ruck,RU,,
RAtkinsADE,33,R,Rory,Atkins,ADE,Mid,MID,,
RDouglasADE,34,R,Richard,Douglas,ADE,Mid,MID,,
RKnightADE,35,R,Riley,Knight,ADE,GenF,DEF,,
RLairdADE,36,R,Rory,Laird,ADE,GenD,DEF,,
RO'BrienADE,37,R,Reilly,OBrien,ADE,Ruck,RU,,
RSloaneADE,38,R,Rory,Sloane,ADE,Mid,MID,,
SGibsonADE,39,S,Sam,Gibson,ADE,Mid,MID,,
SJacobsADE,40,S,Sam,Jacobs,ADE,Ruck,RU,,
SMcAdamADE,814,S,Shane,McAdam,ADE,GenF,FWD,,
TDoedeeADE,41,T,Tom,Doedee,ADE,KeyD,DEF,,
TLynchADE,42,T,Tom,Lynch,ADE,KeyF,FWD,193,88
TWalkerADE,43,T,Taylor,Walker,ADE,KeyF,FWD,193,102
TStengleADE,628,T,Tyson,Stengle,ADE,GenF,FWD,,
TStengleADE,815,T,Tyson,Stengle,ADE,GenF,FWD,,
WMileraADE,44,W,Wayne,Milera,ADE,GenD,MID,,
WHamillADE,816,W,William,Hamill,ADE,GenD,DEF,,
AChristensenBRI,45,A,Allen,Christensen,BRI,GenD,FWD,,
ASmithBRI,46,A,Archie,Smith,BRI,Ruck,FWD,,
AWitherdenBRI,47,A,Alex,Witherden,BRI,GenD,DEF,,
BKeaysBRI,48,B,Ben,Keays,BRI,Mid,MID,,
BStarcevichBRI,49,B,Brandon,Starcevich,BRI,GenF,FWD,,
CBallendenBRI,50,C,Connor,Ballenden,BRI,GenF,FWD,,
CBeamsBRI,51,C,Claye,Beams,BRI,GenD,DEF,,
CCameronBRI,52,C,Charlie,Cameron,BRI,GenF,FWD,,
CCoxBRI,53,C,Cedric,Cox,BRI,KeyD,DEF,,
CHanleyBRI,54,C,Cian,Hanley,BRI,GenD,DEF,,
CLyonsBRI,55,C,Corey,Lyons,BRI,Mid,MID,,
CRaynerBRI,56,C,Cameron,Rayner,BRI,MF,MID,,
CMcFadyenBRI,856,C,Connor,McFadyen,BRI,Mid,MID,,
DGardinerBRI,58,D,Darcy,Gardiner,BRI,KeyD,DEF,,
DMcStayBRI,59,D,Daniel,McStay,BRI,KeyF,DEF,196,
DRichBRI,60,D,Daniel,Rich,BRI,GenD,DEF,,
DZorkoBRI,61,D,Dayne,Zorko,BRI,Mid,MID,,
EHipwoodBRI,62,E,Eric,Hipwood,BRI,KeyF,FWD,203,90
ESmithBRI,899,E,Ely,Smith,BRI,Mid,MID,,
HAndrewsBRI,63,H,Harris,Andrews,BRI,KeyD,DEF,,
HMcCluggageBRI,64,H,Hugh,McCluggage,BRI,MF,MID,,
JAllisonBRI,65,J,Jacob,Allison,BRI,GenD,MID,,
JBarrettBRI,66,J,Jake,Barrett,BRI,Mid,MID,,
JBerryBRI,67,J,Jarrod,Berry,BRI,Mid,MID,,
JFrostBRI,68,J,Jack,Frost,BRI,KeyD,DEF,,
JPayneBRI,69,J,Jack,Payne,BRI,GenD,DEF,,
JWalkerBRI,70,J,Josh,Walker,BRI,KeyD,FWD,197,100
JLyonsBRI,291,J,Jarryd,Lyons,BRI,Mid,MID,,
JMaddenBRI,900,J,James,Madden,BRI,Mid,MID,,
LDawsonBRI,71,L,Liam,Dawson,BRI,KeyD,DEF,,
LHodgeBRI,72,L,Luke,Hodge,BRI,GenD,DEF,,
LTaylorBRI,73,L,Lewis,Taylor,BRI,MF,FWD,,
LNealeBRI,249,L,Lachie,Neale,BRI,Mid,MID,,
LMcCarthyBRI,337,L,Lincoln,McCarthy,BRI,GenF,FWD,,
MEaglesBRI,74,M,Matthew,Eagles,BRI,GenD,DEF,,
MHingeBRI,75,M,Mitchell,Hinge,BRI,GenD,DEF,,
MPaparoneBRI,76,M,Marco,Paparone,BRI,GenD,DEF,,
MRobinsonBRI,77,M,Mitch,Robinson,BRI,Mid,MID,,
MAdamsBRI,748,M,Marcus,Adams,BRI,KeyD,DEF,,
NRobertsonBRI,78,N,Nick,Robertson,BRI,GenD,DEF,,
NAnswerthBRI,901,N,Noah,Answerth,BRI,GenD,DEF,,
OMcInerneyBRI,79,O,Oscar,McInerney,BRI,KeyF,RU,204,
RBastinacBRI,80,R,Ryan,Bastinac,BRI,GenF,FWD,,
RBewickBRI,81,R,Rohan,Bewick,BRI,GenD,DEF,,
RLesterBRI,82,R,Ryan,Lester,BRI,GenD,MID,,
RMathiesonBRI,83,R,Rhys,Mathieson,BRI,MF,FWD,,
SMartinBRI,84,S,Stefan,Martin,BRI,Ruck,RU,,
SSkinnerBRI,86,S,Sam,Skinner,BRI,KeyD,DEF,,
TBellBRI,87,T,Tom,Bell,BRI,MF,FWD,,
TCutlerBRI,88,T,Tom,Cutler,BRI,GenF,FWD,,
TWoollerBRI,89,T,Toby,Wooller,BRI,KeyF,FWD,194,87
TBerryBRI,902,T,Thomas,Berry,BRI,Mid,MID,,
TFullartonBRI,903,T,Thomas,Fullarton,BRI,Ruck,RU,,
TJoyceBRI,904,T,Tom,Joyce,BRI,Mid,MID,,
ZBaileyBRI,90,Z,Zac,Bailey,BRI,Mid,MID,,
AMullettCAR,91,A,Aaron,Mullett,CAR,GenD,DEF,,
APhillipsCAR,92,A,Andrew,Phillips,CAR,Ruck,RU,,
ASchumacherCAR,93,A,Angus,Schumacher,CAR,Mid,MID,,
ASilvagniCAR,94,A,Alex,Silvagni,CAR,KeyD,DEF,,
AFasoloCAR,136,A,Alex,Fasolo,CAR,GenF,FWD,,
BSilvagniCAR,826,B,Ben,Silvagni,CAR,KeyF,FWD,,
CByrneCAR,95,C,Ciaran,Byrne,CAR,GenD,DEF,,
CCurnowCAR,96,C,Charlie,Curnow,CAR,GenF,FWD,,
CMarchbankCAR,97,C,Caleb,Marchbank,CAR,GenD,DEF,,
CMcDaidCAR,98,C,Cillian,McDaid,CAR,GenD,DEF,,
COSheaCAR,99,C,Cam,OShea,CAR,GenD,DEF,,
CPolsonCAR,100,C,Cameron,Polson,CAR,GenF,FWD,,
DCuninghamCAR,101,D,David,Cuningham,CAR,MF,MID,,
DLangCAR,102,D,Darcy,Lang,CAR,GenF,FWD,,
DThomasCAR,103,D,Dale,Thomas,CAR,GenD,MID,,
ECurnowCAR,104,E,Ed,Curnow,CAR,Mid,MID,,
FO'DwyerCAR,827,F,Finbar,O'Dwyer,CAR,KeyF,FWD,,
HMacreadieCAR,105,H,Harrison,Macreadie,CAR,KeyD,DEF,,
HMcKayCAR,106,H,Harry,McKay,CAR,KeyF,FWD,200,
HGoddardCAR,643,H,Hugh,Goddard,CAR,KeyD,DEF,,
JGarlettCAR,107,J,Jarrod,Garlett,CAR,GenF,FWD,,
JGlass-McCaskerCAR,108,J,Jesse,Glass-McCasker,CAR,KeyD,DEF,,
JLambCAR,109,J,Jed,Lamb,CAR,GenF,FWD,,
JPickettCAR,110,J,Jarrod,Pickett,CAR,Mid,MID,,
JSilvagniCAR,111,J,Jack,Silvagni,CAR,GenF,FWD,196,
JWeiteringCAR,112,J,Jacob,Weitering,CAR,KeyD,DEF,,
JDelucaCAR,952,J,Joshua,Deluca-Cardillo,CAR,GenF,MID,,
KLeboisCAR,113,K,Kym,Lebois,CAR,GenF,FWD,,
KSimpsonCAR,114,K,Kade,Simpson,CAR,GenD,DEF,,
KLeboisCAR,828,K,Kym,Lebois,CAR,GenF,FWD,,
LCasboultCAR,115,L,Levi,Casboult,CAR,KeyD,FWD,201,
LJonesCAR,116,L,Liam,Jones,CAR,KeyD,DEF,,
LO'BrienCAR,117,L,Lochie,OBrien,CAR,Mid,MID,,
LPlowmanCAR,118,L,Lachie,Plowman,CAR,KeyD,DEF,,
LStockerCAR,829,L,Liam,Stocker,CAR,Mid,MID,,
MMcGovernCAR,27,M,Mitchell,McGovern,CAR,KeyF,FWD,190,93
MKennedyCAR,119,M,Matthew,Kennedy,CAR,Mid,MID,,
MKreuzerCAR,120,M,Matthew,Kreuzer,CAR,Ruck,RU,,
MLobbeCAR,121,M,Matthew,Lobbe,CAR,Ruck,RU,,
MMurphyCAR,122,M,Marc,Murphy,CAR,Mid,MID,,
MShawCAR,123,M,Matt,Shaw,CAR,Mid,MID,,
MWrightCAR,124,M,Matthew,Wright,CAR,Mid,MID,,
MOwiesCAR,830,M,Matthew,Owies,CAR,Mid,MID,,
MCottrellCAR,831,M,Matthew,Cottrell,CAR,Mid,MID,,
MGibbonsCAR,832,M,Michael,Gibbons,CAR,MF,MID,,
NGrahamCAR,125,N,Nick,Graham,CAR,Mid,MID,,
NNewmanCAR,708,N,Nic,Newman,CAR,GenD,MID,,
PCrippsCAR,126,P,Patrick,Cripps,CAR,Mid,MID,,
PDowCAR,127,P,Paddy,Dow,CAR,Mid,MID,,
PKerrCAR,128,P,Pat,Kerr,CAR,KeyF,FWD,,
SDochertyCAR,129,S,Sam,Docherty,CAR,GenD,DEF,,
SKerridgeCAR,130,S,Sam,Kerridge,CAR,Mid,MID,,
SP-SetonCAR,131,S,Sam,Petrevski-Seton,CAR,Mid,MID,,
SRoweSTK,132,S,Sam,Rowe,CAR,KeyD,DEF,,
SWalshCAR,833,S,Sam,Walsh,CAR,Mid,MID,,
Tde KoningCAR,133,T,Tom,De,CAR,Ruck,RU,,
TWilliamsonCAR,134,T,Tom,Williamson,CAR,GenD,DEF,,
TBuggCAR,491,T,Tomas,Bugg,CAR,GenD,DEF,,
WSetterfieldCAR,400,W,Will,Setterfield,CAR,Mid,MID,,
ZFisherCAR,135,Z,Zac,Fisher,CAR,Mid,FWD,,
AOxleyCOL,137,A,Adam,Oxley,COL,Mid,MID,,
ATreloarCOL,138,A,Adam,Treloar,COL,Mid,MID,,
ATohillCOL,869,A,Anton,Tohill,COL,GenF,FWD,,
ABosenavulagiCOL,870,A,Atu,Bosenavulagi,COL,GenF,FWD,,
BCrockerCOL,139,B,Ben,Crocker,COL,MF,FWD,,
BGrundyCOL,140,B,Brodie,Grundy,COL,Ruck,RU,,
BMaynardCOL,141,B,Brayden,Maynard,COL,GenD,DEF,,
BMihocekCOL,142,B,Brody,Mihocek,COL,KeyF,DEF,192,94
BReidCOL,143,B,Ben,Reid,COL,KeyD,FWD,,
BSierCOL,144,B,Brayden,Sier,COL,Mid,MID,,
CBrownCOL,145,C,Callum,Brown,COL,MF,MID,,
CMayneCOL,146,C,Chris,Mayne,COL,GenF,FWD,,
DBeamsCOL,57,D,Dayne,Beams,COL,Mid,MID,,
DMooreCOL,147,D,Darcy,Moore,COL,GenD,FWD,,
DWellsCOL,148,D,Daniel,Wells,COL,Mid,MID,,
FApplebyCOL,149,F,Flynn,Appleby,COL,GenD,DEF,,
IQuaynorCOL,871,I,Isaac,Quaynor,COL,GenD,DEF,,
JAishCOL,150,J,James,Aish,COL,Mid,MID,,
JBlairCOL,151,J,Jarryd,Blair,COL,GenF,FWD,,
JCrispCOL,152,J,Jack,Crisp,COL,GenD,DEF,,
JDaicosCOL,153,J,Josh,Daicos,COL,GenF,FWD,,
JGoeyCOL,154,J,Jordan,de Goey,COL,GenF,MID,,
JElliottCOL,155,J,Jamie,Elliott,COL,GenF,FWD,,
JHoweCOL,156,J,Jeremy,Howe,COL,GenD,DEF,,
JMadgenCOL,157,J,Jack,Madgen,COL,GenD,DEF,,
JStephensonCOL,159,J,Jaidyn,Stephenson,COL,MF,MID,,
JThomasCOL,160,J,Josh,Thomas,COL,GenF,FWD,,
JRougheadCOL,738,J,Jordan,Roughead,COL,KeyD,RU,200,101
JNobleCOL,947,J,John,Noble,COL,Mid,MID,,
KKirbyCOL,161,K,Kayle,Kirby,COL,GenF,FWD,,
LDunnCOL,162,L,Lynden,Dunn,COL,GenD,DEF,,
LGreenwoodCOL,163,L,Levi,Greenwood,COL,Mid,MID,,
MCoxCOL,164,M,Mason,Cox,COL,KeyF,RU,211,108
MLynchCOL,165,M,Max,Lynch,COL,Ruck,RU,,
MScharenbergCOL,166,M,Matt,Scharenberg,COL,KeyD,DEF,,
MKeaneCOL,872,M,Mark,Keane,COL,GenF,FWD,,
NMurphyCOL,167,N,Nathan,Murphy,COL,GenD,DEF,,
RWillsCOL,168,R,Rupert,Wills,COL,Mid,MID,,
SMcLartyCOL,169,S,Sam,McLarty,COL,KeyD,DEF,,
SMurrayCOL,170,S,Sam,Murray,COL,Mid,MID,,
SPendleburyCOL,171,S,Scott,Pendlebury,COL,Mid,MID,,
SSidebottomCOL,172,S,Steele,Sidebottom,COL,Mid,MID,,
TAdamsCOL,173,T,Taylor,Adams,COL,Mid,MID,,
TBroomheadCOL,174,T,Tim,Broomhead,COL,Mid,MID,,
TBrownCOL,175,T,Tyler,Brown,COL,GenF,FWD,,
TGoldsackCOL,176,T,Tyson,Goldsack,COL,KeyD,DEF,,
TLangdonCOL,177,T,Tom,Langdon,COL,GenD,DEF,,
TPhillipsCOL,178,T,Tom,Phillips,COL,Mid,MID,,
TVarcoeCOL,179,T,Travis,Varcoe,COL,GenF,DEF,,
WH-ElliottCOL,180,W,Will,Hoskin-Elliott,COL,MF,FWD,,
WKellyCOL,873,W,Will,Kelly,COL,KeyD,DEF,,
AFrancisESS,181,A,Aaron,Francis,ESS,KeyF,DEF,192,90
AM-TipungwutiESS,182,A,Anthony,McDonald-Tipungwuti,ESS,GenF,FWD,,
AMcGrathESS,183,A,Andrew,McGrath,ESS,GenD,MID,,
ASaadESS,184,A,Adam,Saad,ESS,GenD,DEF,,
BGoddardESS,185,B,Brendon,Goddard,ESS,Mid,MID,,
BMcNieceESS,186,B,Ben,McNiece,ESS,GenD,DEF,,
BZ-ThatcherESS,187,B,Brandon,Zerk-Thatcher,ESS,KeyD,DEF,,
BHamESS,834,B,Brayden,Ham,ESS,Mid,MID,,
CHookerESS,188,C,Cale,Hooker,ESS,KeyD,DEF,,
CMcKennaESS,189,C,Conor,McKenna,ESS,GenD,DEF,,
DClarkeESS,190,D,Dylan,Clarke,ESS,Mid,MID,,
DHeppellESS,191,D,Dyson,Heppell,ESS,Mid,MID,,
DMyersESS,192,D,David,Myers,ESS,Mid,MID,,
DParishESS,193,D,Darcy,Parish,ESS,Mid,MID,,
DSmithESS,194,D,Devon,Smith,ESS,MF,FWD,,
DZaharakisESS,195,D,David,Zaharakis,ESS,Mid,MID,,
DShielESS,369,D,Dylan,Shiel,ESS,Mid,MID,,
IMosquitoESS,835,I,Irving,Mosquito,ESS,GenF,MID,,
JBegleyESS,196,J,Joshua,Begley,ESS,GenF,FWD,,
JDaniherESS,197,J,Joe,Daniher,ESS,KeyF,FWD,200,
JGreenESS,198,J,Josh,Green,ESS,GenF,FWD,,
JHoulahanESS,199,J,Jordan,Houlahan,ESS,GenF,FWD,,
JLaverdeESS,200,J,Jayden,Laverde,ESS,GenD,FWD,,
JLongESS,201,J,Jake,Long,ESS,Mid,MID,,
JMerrettESS,202,J,Jackson,Merrett,ESS,GenF,FWD,,
JRidleyESS,203,J,Jordan,Ridley,ESS,GenD,DEF,,
JStewartESS,204,J,James,Stewart,ESS,KeyF,FWD,198,
JStringerESS,205,J,Jake,Stringer,ESS,MF,FWD,,
KLangfordESS,206,K,Kyle,Langford,ESS,GenF,FWD,,
KMutchESS,207,K,Kobe,Mutch,ESS,Mid,MID,,
LLavenderESS,208,L,Luke,Lavender,ESS,Ruck,RU,,
MBaguleyESS,209,M,Mark,Baguley,ESS,GenD,DEF,,
MBrownESS,210,M,Mitch,Brown,ESS,KeyF,DEF,196,
MDeaESS,211,M,Matt,Dea,ESS,GenD,DEF,,
MGleesonESS,212,M,Martin,Gleeson,ESS,GenD,DEF,,
MGuelfiESS,213,M,Matt,Guelfi,ESS,GenF,FWD,,
MHartleyESS,214,M,Michael,Hartley,ESS,KeyD,DEF,,
MHurleyESS,215,M,Michael,Hurley,ESS,KeyD,DEF,,
MLeuenbergerESS,216,M,Matthew,Leuenberger,ESS,Ruck,RU,,
MRedmanESS,217,M,Mason,Redman,ESS,GenD,DEF,,
NGownESS,939,N,Noah,Gown,ESS,KeyF,FWD,194,92
OFantasiaESS,218,O,Orazio,Fantasia,ESS,MF,FWD,,
PAmbroseESS,219,P,Patrick,Ambrose,ESS,GenD,DEF,,
SDraperESS,220,S,Sam,Draper,ESS,Ruck,RU,,
SMcKernanESS,221,S,Shaun,McKernan,ESS,Ruck,RU,,
TBellchambersESS,222,T,Tom,Bellchambers,ESS,Ruck,RU,,
TMynottESS,224,T,Trent,Mynott,ESS,Mid,MID,,
TJokESS,836,T,Tom,Jok,ESS,GenD,MID,,
WSnellingESS,583,W,William,Snelling,ESS,Mid,MID,,
ZMerrettESS,225,Z,Zach,Merrett,ESS,Mid,MID,,
ZClarkeESS,837,Z,Zac,Clarke,ESS,Ruck,RU,,
ABrayshawFRE,226,A,Andrew,Brayshaw,FRE,Mid,MID,,
ACerraFRE,227,A,Adam,Cerra,FRE,Mid,MID,,
APearceFRE,228,A,Alex,Pearce,FRE,KeyD,DEF,,
ASandilandsFRE,229,A,Aaron,Sandilands,FRE,Ruck,RU,,
BBanfieldFRE,230,B,Bailey,Banfield,FRE,Mid,MID,,
BCoxFRE,231,B,Brennan,Cox,FRE,KeyF,FWD,193,96
BGreyFRE,232,B,Brady,Grey,FRE,Mid,MID,,
BHillFRE,233,B,Bradley,Hill,FRE,Mid,MID,,
BMateraFRE,234,B,Brandon,Matera,FRE,GenF,FWD,,
BBewleyFRE,874,B,Brett,Bewley,FRE,Mid,MID,,
CBlakelyFRE,235,C,Connor,Blakely,FRE,Mid,MID,,
CMcCarthyFRE,236,C,Cam,McCarthy,FRE,KeyF,FWD,192,92
DMundyFRE,238,D,David,Mundy,FRE,Mid,MID,,
DPearceFRE,239,D,Danyle,Pearce,FRE,Mid,MID,,
DTuckerFRE,240,D,Darcy,Tucker,FRE,GenD,DEF,,
DO'ReillyFRE,949,D,Dillon,O'Reilly,FRE,GenD,DEF,,
EHughesFRE,241,E,Ethan,Hughes,FRE,KeyD,DEF,,
ELangdonFRE,242,E,Ed,Langdon,FRE,Mid,MID,,
GLogueFRE,243,G,Griffin,Logue,FRE,GenD,DEF,,
HBallantyneFRE,244,H,Hayden,Ballantyne,FRE,GenF,FWD,,
HBennellFRE,245,H,Harley,Bennell,FRE,Mid,MID,,
HDixonFRE,246,H,Hugh,Dixon,FRE,KeyF,FWD,194,95
HDixonFRE,875,H,Hugh,Dixon,FRE,KeyF,FWD,,
JHamlingFRE,247,J,Joel,Hamling,FRE,KeyD,DEF,,
JHoganFRE,470,J,Jesse,Hogan,FRE,KeyF,FWD,195,100
JCarterFRE,876,J,Jason,Carter,FRE,GenD,DEF,,
LMeekFRE,248,L,Lloyd,Meek,FRE,Ruck,RU,,
LRyanFRE,250,L,Luke,Ryan,FRE,GenD,DEF,,
LSpurrFRE,251,L,Lee,Spurr,FRE,GenD,DEF,,
LStrnadicaFRE,252,L,Luke,Strnadica,FRE,KeyF,FWD,,
LSchultzFRE,877,L,Lachlan,Schultz,FRE,GenF,FWD,,
LValenteFRE,878,L,Luke,Valente,FRE,Mid,MID,,
MApenessFRE,253,M,Michael,Apeness,FRE,Ruck,FWD,,
MCrowdenFRE,254,M,Mitchell,Crowden,FRE,Mid,MID,,
MJohnsonFRE,255,M,Michael,Johnson,FRE,KeyD,DEF,,
MTabernerFRE,256,M,Matt,Taberner,FRE,KeyF,FWD,199,97
MWaltersFRE,257,M,Michael,Walters,FRE,Mid,MID,,
NFyfeFRE,258,N,Nat,Fyfe,FRE,Mid,MID,,
NWilsonFRE,259,N,Nathan,Wilson,FRE,GenD,DEF,,
RNyhuisFRE,260,R,Ryan,Nyhuis,FRE,GenD,DEF,,
RLobbFRE,392,R,Rory,Lobb,FRE,Ruck,RU,,
RConcaFRE,618,R,Reece,Conca,FRE,GenD,DEF,,
SDarcyFRE,261,S,Sean,Darcy,FRE,Ruck,RU,,
SGiroFRE,262,S,Stefan,Giro,FRE,Mid,MID,,
SHillFRE,263,S,Stephen,Hill,FRE,Mid,MID,,
SJonesFRE,264,S,Scott,Jones,FRE,KeyF,RU,,
SKerstenFRE,265,S,Shane,Kersten,FRE,KeyF,FWD,191,90
SSwitkowskiFRE,266,S,Sam,Switkowski,FRE,GenF,FWD,,
SSturtFRE,879,S,Sam,Sturt,FRE,GenF,FWD,,
TColyerFRE,223,T,Travis,Colyer,FRE,MF,MID,,
TDumanFRE,267,T,Taylin,Duman,FRE,GenD,DEF,,
TNorthFRE,268,T,Tom,North,FRE,Mid,MID,,
TWatsonFRE,880,T,Tobe,Watson,FRE,KeyD,DEF,,
ASextonGCS,271,A,Alex,Sexton,GCS,GenF,FWD,,
AYoungGCS,272,A,Aaron,Young,GCS,GenF,FWD,,
AMilesGCS,584,A,Anthony,Miles,GCS,MID,MID,,
BAinsworthGCS,273,B,Ben,Ainsworth,GCS,Mid,MID,,
BCrossleyGCS,274,B,Brayden,Crossley,GCS,Ruck,RU,,
BFioriniGCS,275,B,Brayden,Fiorini,GCS,Mid,MID,,
BScheerGCS,276,B,Brad,Scheer,GCS,Mid,MID,,
BKingGCS,923,B,Ben,King,GCS,KeyD,FWD,,
CCheeGCS,277,C,Callum,Ah,GCS,Mid,FWD,,
CBallardGCS,278,C,Charlie,Ballard,GCS,GenD,MID,,
CNuttingGCS,279,C,Connor,Nutting,GCS,GenD,DEF,,
CEllisGCS,591,C,Corey,Ellis,GCS,GenD,MID,,
CGrahamGCS,857,C,Caleb,Graham,GCS,KeyD,DEF,,
CBurgessGCS,924,C,Chris,Burgess,GCS,KeyD,DEF,,
DMacphersonGCS,280,D,Darcy,MacPherson,GCS,Mid,MID,,
DSwallowGCS,281,D,David,Swallow,GCS,Mid,MID,,
GH-SmithGCS,323,G,George,Horlin-Smith,GCS,Mid,MID,,
HWiggGCS,282,H,Harrison,Wigg,GCS,GenD,DEF,,
INuttingGCS,925,I,Connor,Nutting,GCS,GenD,DEF,,
IRankineGCS,926,I,Izak,Rankine,GCS,GenF,FWD,,
JBowesGCS,283,J,Jack,Bowes,GCS,Mid,MID,,
JDawsonGCS,284,J,Jacob,Dawson,GCS,Mid,MID,,
JHarbrowGCS,285,J,Jarrod,Harbrow,GCS,GenD,DEF,,
JHeronGCS,286,J,Jacob,Heron,GCS,GenD,DEF,,
JJaskaGCS,287,J,Joshua,Jaska,GCS,GenD,DEF,,
JJoyceGCS,288,J,Jesse,Joyce,GCS,Mid,MID,,
JLeslieGCS,289,J,Jack,Leslie,GCS,GenD,DEF,,
JLonerganGCS,290,J,Jesse,Lonergan,GCS,Mid,MID,,
JMartinGCS,292,J,Jack,Martin,GCS,MF,FWD,,
JSchoenfeldGCS,293,J,Joshua,Schoenfeld,GCS,Mid,MID,,
JWittsGCS,295,J,Jarrod,Witts,GCS,Ruck,RU,,
JMurdochGCS,331,J,Jordan,Murdoch,GCS,GenD,MID,,
JHombschGCS,553,J,Jack,Hombsch,GCS,KeyD,DEF,,
JLukosiusGCS,927,J,Jack,Lukosius,GCS,KeyF,FWD,195,85
JMcLennanGCS,928,J,Jez,McLennan,GCS,GenD,DEF,,
JCorbettGCS,929,J,Joshua,Corbett,GCS,GenD,FWD,,
LWellerGCS,297,L,Lachlan,Weller,GCS,Mid,DEF,,
MBarlowGCS,298,M,Michael,Barlow,GCS,Mid,MID,,
MRischitelliGCS,299,M,Michael,Rischitelli,GCS,Mid,MID,,
MRosaGCS,300,M,Matt,Rosa,GCS,Mid,MID,,
MSpencerGCS,301,M,Max,Spencer,GCS,GenD,DEF,,
MWillisGCS,302,M,Mackenzie,Willis,GCS,Mid,MID,,
MRiordanGCS,943,M,Mitch,Riordan,GCS,Mid,MID,,
NHolmanGCS,303,N,Nick,Holman,GCS,MF,MID,,
PHanleyGCS,304,P,Pearce,Hanley,GCS,Mid,MID,,
PWrightGCS,305,P,Peter,Wright,GCS,KeyF,MID,203,103
RThompsonGCS,306,R,Rory,Thompson,GCS,KeyD,DEF,,
SDayGCS,307,S,Sam,Day,GCS,KeyF,FWD,197,102
SLemmensGCS,308,S,Sean,Lemmens,GCS,GenD,DEF,,
SCollinsGCS,930,S,Sam,Collins,GCS,KeyD,DEF,,
TMillerGCS,311,T,Touk,Miller,GCS,Mid,MID,,
TNichollsGCS,312,T,Tom,Nicholls,GCS,Ruck,RU,,
WBrodieGCS,313,W,Will,Brodie,GCS,Mid,MID,,
WPowellGCS,314,W,Wil,Powell,GCS,Mid,MID,,
ABlackGEE,315,A,Aaron,Black,GEE,KeyF,FWD,,
BParfittGEE,316,B,Brandan,Parfitt,GEE,MF,FWD,,
BJarvisGEE,838,B,Ben,Jarvis,GEE,GenF,FWD,,
BSchlensogGEE,839,B,Blake,Schlensog,GEE,Ruck,RU,,
CConstableGEE,317,C,Charlie,Constable,GEE,Mid,MID,,
CGregsonGEE,318,C,Cory,Gregson,GEE,GenF,FWD,,
CGuthrieGEE,319,C,Cameron,Guthrie,GEE,Mid,MID,,
DFortGEE,840,D,Darcy,Fort,GEE,Ruck,RU,,
ERatugoleaGEE,321,E,Esava,Ratugolea,GEE,KeyF,FWD,197,102
GAblettGEE,322,G,Gary,Ablett,GEE,Mid,MID,,
GMiersGEE,324,G,Gryan,Miers,GEE,GenF,FWD,,
GRohanGEE,687,G,Gary,Rohan,GEE,GenF,FWD,,
HTaylorGEE,325,H,Harry,Taylor,GEE,KeyD,FWD,195,94
JBewsGEE,326,J,Jed,Bews,GEE,GenF,DEF,,
JCunicoGEE,327,J,Jordan,Cunico,GEE,Mid,MID,,
JHenryGEE,328,J,Jack,Henry,GEE,KeyD,FWD,,
JJonesGEE,329,J,Jamaine,Jones,GEE,MF,FWD,,
JKolodjashnijGEE,330,J,Jake,Kolodjashnij,GEE,GenD,DEF,,
JParsonsGEE,332,J,James,Parsons,GEE,GenF,MID,,
JSelwoodGEE,333,J,Joel,Selwood,GEE,Mid,MID,,
JKennerleyGEE,841,J,Jacob,Kennerley,GEE,Mid,MID,,
JTarcaGEE,842,J,Jake,Tarca,GEE,Mid,MID,,
JClarkGEE,843,J,Jordan,Clark,GEE,GenD,DEF,,
LFogartyGEE,335,L,Lachlan,Fogarty,GEE,Mid,MID,,
LHendersonGEE,336,L,Lachie,Henderson,GEE,KeyD,DEF,,
LDahlhausGEE,742,L,Luke,Dahlhaus,GEE,MF,MID,,
MBlicavsGEE,338,M,Mark,Blicavs,GEE,GenD,MID,,
MDuncanGEE,339,M,Mitch,Duncan,GEE,Mid,MID,,
MHayballGEE,340,M,Matthew,Hayball,GEE,GenF,FWD,,
MO'ConnorGEE,341,M,Mark,O'Connor,GEE,GenD,DEF,,
MPickettGEE,942,M,Marlan,Pickett,GEE,GenF,MID,,
NCockatooGEE,342,N,Nakia,Cockatoo,GEE,GenF,FWD,,
NKreugerGEE,844,N,Nathan,Kreuger,GEE,KeyF,FWD,196,86
OBrownlessGEE,845,O,Oscar,Brownless,GEE,GenF,MID,,
PDangerfieldGEE,343,P,Patrick,Dangerfield,GEE,Mid,MID,,
QNarkleGEE,344,Q,Quinton,Narkle,GEE,Mid,MID,,
RAbbottGEE,345,R,Ryan,Abbott,GEE,Ruck,RU,,
RGardnerGEE,346,R,Ryan,Gardner,GEE,GenD,DEF,,
RStanleyGEE,347,R,Rhys,Stanley,GEE,Ruck,RU,,
SCrameriGEE,348,S,Stewart,Crameri,GEE,KeyF,FWD,,
SMenegolaGEE,349,S,Sam,Menegola,GEE,Mid,MID,,
SSelwoodGEE,350,S,Scott,Selwood,GEE,Mid,MID,,
SSimpsonGEE,351,S,Sam,Simpson,GEE,GenF,FWD,,
SOkunborGEE,846,S,Stefan,Okunbor,GEE,KeyD,DEF,,
THawkinsGEE,352,T,Tom,Hawkins,GEE,KeyF,FWD,198,103
THouseGEE,353,T,Timm,House,GEE,KeyF,FWD,,
TKellyGEE,354,T,Tim,Kelly,GEE,Mid,MID,,
TStewartGEE,355,T,Tom,Stewart,GEE,GenD,DEF,,
TAtkinsGEE,847,T,Tom,Atkins,GEE,Mid,MID,,
WBuzzaGEE,356,W,Wylie,Buzza,GEE,KeyF,FWD,199,102
ZGuthrieGEE,357,Z,Zach,Guthrie,GEE,GenD,DEF,,
ZSmithGEE,358,Z,Zac,Smith,GEE,Ruck,RU,,
ZTuohyGEE,359,Z,Zach,Tuohy,GEE,GenD,DEF,,
ABonarGWS,360,A,Aiden,Bonar,GWS,GenF,FWD,,
ACorrGWS,361,A,Aidan,Corr,GWS,GenD,DEF,,
AKennedyGWS,362,A,Adam,Kennedy,GWS,GenD,DEF,,
ATomlinsonGWS,363,A,Adam,Tomlinson,GWS,GenD,DEF,,
BDanielsGWS,364,B,Brent,Daniels,GWS,GenF,MID,,
BDeledioGWS,365,B,Brett,Deledio,GWS,MF,FWD,,
CWardGWS,366,C,Callan,Ward,GWS,Mid,MID,,
CBrownGWS,881,C,Callum M.,Brown,GWS,GenD,DEF,,
CIdunGWS,882,C,Connor,Idun,GWS,GenD,DEF,,
DBuckleyGWS,367,D,Dylan,Buckley,GWS,GenD,DEF,,
DLloydGWS,368,D,Daniel,Lloyd,GWS,GenF,FWD,,
DSimpsonGWS,370,D,Dawson,Simpson,GWS,Ruck,RU,,
HHimmelbergGWS,371,H,Harrison,Himmelberg,GWS,KeyF,FWD,194,92
HPerrymanGWS,372,H,Harry,Perryman,GWS,GenD,DEF,,
HShawGWS,373,H,Heath,Shaw,GWS,GenD,DEF,,
ICummingGWS,374,I,Isaac,Cumming,GWS,GenD,DEF,,
IHillGWS,883,I,Ian,Hill,GWS,GenF,FWD,,
JBuckleyGWS,375,J,Jack,Buckley,GWS,KeyF,FWD,,
JCameronGWS,376,J,Jeremy,Cameron,GWS,KeyF,FWD,196,96
JFinlaysonGWS,377,J,Jeremy,Finlayson,GWS,KeyF,DEF,196,93
JHopperGWS,378,J,Jacob,Hopper,GWS,Mid,MID,,
JKellyGWS,379,J,Josh,Kelly,GWS,KeyD,MID,,
JPattonGWS,380,J,Jonathon,Patton,GWS,KeyF,FWD,198,101
JSteinGWS,381,J,Jake,Stein,GWS,KeyD,DEF,,
JBuckleyGWS,884,J,Jack,Buckley,GWS,KeyF,FWD,193,85
JHatelyGWS,885,J,Jackson,Hately,GWS,Mid,MID,,
JSteinGWS,886,J,Jake,Stein,GWS,KeyD,DEF,,
JCaldwellGWS,887,J,Jye,Caldwell,GWS,Mid,MID,,
KBriggsGWS,888,K,Kieren,Briggs,GWS,Ruck,RU,,
LKeeffeGWS,382,L,Lachlan,Keeffe,GWS,KeyD,DEF,,
LTizianiGWS,383,L,Lachlan,Tiziani,GWS,GenF,FWD,,
LWhitfieldGWS,384,L,Lachie,Whitfield,GWS,GenD,MID,,
MBuntineGWS,385,M,Matt,Buntine,GWS,GenD,DEF,,
MBoerGWS,386,M,Matt,de,GWS,MF,MID,,
MFlynnGWS,387,M,Matthew,Flynn,GWS,Ruck,RU,,
NHaynesGWS,388,N,Nick,Haynes,GWS,GenD,DEF,,
NShipleyGWS,389,N,Nicholas,Shipley,GWS,Mid,MID,,
PDavisGWS,390,P,Phil,Davis,GWS,KeyD,DEF,,
RGriffenGWS,391,R,Ryan,Griffen,GWS,KeyD,DEF,,
SConiglioGWS,393,S,Stephen,Coniglio,GWS,Mid,MID,,
SReidGWS,394,S,Sam,Reid,GWS,GenD,FWD,,
STaylorGWS,395,S,Sam,Taylor,GWS,KeyD,DEF,196,93
SMumfordGWS,889,S,Shane,Mumford,GWS,Ruck,RU,,
TSheridanGWS,269,T,Tommy,Sheridan,GWS,GenF,DEF,,
TGreeneGWS,396,T,Toby,Greene,GWS,GenF,FWD,,
TTarantoGWS,399,T,Tim,Taranto,GWS,Mid,MID,,
XO'HalloranGWS,890,X,Xavier,O'Halloran,GWS,Mid,MID,,
ZLangdonGWS,401,Z,Zac,Langdon,GWS,GenF,FWD,,
ZSprouleGWS,402,Z,Zachary,Sproule,GWS,KeyF,FWD,197,92
ZWilliamsGWS,403,Z,Zac,Williams,GWS,GenD,DEF,,
BHardwickHAW,404,B,Blake,Hardwick,HAW,GenD,DEF,,
BMcEvoyHAW,405,B,Ben,McEvoy,HAW,Ruck,RU,,
BStrattonHAW,406,B,Ben,Stratton,HAW,KeyD,DEF,,
BWhitecrossHAW,407,B,Brendan,Whitecross,HAW,Mid,MID,,
CGlassHAW,408,C,Conor,Glass,HAW,GenD,DEF,,
CJiathHAW,409,C,Changkuoth,Jiath,HAW,GenF,FWD,,
CNashHAW,410,C,Connor,Nash,HAW,GenD,DEF,,
CRioliHAW,411,C,Cyril,Rioli,HAW,GenF,FWD,,
CWingardHAW,544,C,Chad,Wingard,HAW,MF,MID,,
DHoweHAW,412,D,Daniel,Howe,HAW,Mid,MID,,
DMirraHAW,413,D,David,Mirra,HAW,GenD,DEF,,
DMooreHAW,414,D,Dylan,Moore,HAW,GenF,FWD,,
DWillsmoreHAW,415,D,Dallas,Willsmore,HAW,GenF,FWD,,
DMinchingtonHAW,639,D,Darren,Minchington,HAW,GenF,FWD,,
DGreavesHAW,905,D,Damon,Greaves,HAW,GenD,DEF,,
GBirchallHAW,416,G,Grant,Birchall,HAW,GenD,DEF,,
HJonesHAW,417,H,Harrison,Jones,HAW,Mid,MID,,
HMorrisonHAW,418,H,Harry,Morrison,HAW,Mid,Mid,,
ISmithHAW,419,I,Isaac,Smith,HAW,Mid,MID,,
JScrimshawHAW,294,J,Jack,Scrimshaw,HAW,GenD,DEF,,
JCeglarHAW,420,J,Jonathon,Ceglar,HAW,Ruck,RU,,
JCousinsHAW,421,J,James,Cousins,HAW,Mid,MID,,
JFrawleyHAW,422,J,James,Frawley,HAW,KeyD,DEF,,
JGunstonHAW,423,J,Jack,Gunston,HAW,KeyF,FWD,193,87
JImpeyHAW,424,J,Jarman,Impey,HAW,GenD,FWD,,
JO'MearaHAW,425,J,Jaeger,O'Meara,HAW,Mid,MID,,
JORourkeHAW,426,J,Jonathan,ORourke,HAW,Mid,MID,,
JRossHAW,427,J,Jackson,Ross,HAW,GenF,FWD,,
JRougheadHAW,428,J,Jarryd,Roughead,HAW,KeyF,FWD,193,98
JSicilyHAW,429,J,James,Sicily,HAW,GenD,DEF,,
JWorpelHAW,430,J,James,Worpel,HAW,Mid,MID,,
JKoschitzkeHAW,906,J,Jacob,Koschitzke,HAW,KeyD,DEF,,
KBrandHAW,431,K,Kaiden,Brand,HAW,KeyD,DEF,,
KHeatherleyHAW,432,K,Kurt,Heatherley,HAW,KeyD,DEF,,
KLovellHAW,433,K,Kieran,Lovell,HAW,Mid,MID,,
LBreustHAW,434,L,Luke,Breust,HAW,GenF,FWD,,
LShielsHAW,435,L,Liam,Shiels,HAW,Mid,MID,,
MLewisHAW,436,M,Mitch,Lewis,HAW,KeyF,FWD,198,
MPittonetHAW,437,M,Marc,Pittonet,HAW,Ruck,RU,,
MWalkerHAW,907,M,Mathew,Walker,HAW,GenF,FWD,,
OHanrahanHAW,438,O,Oliver,Hanrahan,HAW,Mid,MID,,
PPuopoloHAW,439,P,Paul,Puopolo,HAW,GenF,FWD,,
RHendersonHAW,441,R,Ricky,Henderson,HAW,Mid,FWD,,
RSchoenmakersHAW,442,R,Ryan,Schoenmakers,HAW,KeyF,FWD,195,94
SBurgoyneHAW,443,S,Shaun,Burgoyne,HAW,GenD,DEF,,
TMohrHAW,397,T,Tim,Mohr,HAW,KeyD,DEF,,
TScullyHAW,398,T,Tom,Scully,HAW,Mid,MID,,
TMilesHAW,445,T,Teia,Miles,HAW,GenD,DEF,,
TMitchellHAW,446,T,Tom,Mitchell,HAW,Mid,MID,,
TO'BrienHAW,447,T,Tim,OBrien,HAW,KeyD,FWD,193,88
TVickeryHAW,448,T,Ty,Vickery,HAW,KeyD,FWD,,
WLangfordHAW,449,W,Will,Langford,HAW,Mid,MID,,
WGoldsHAW,908,W,Will,Golds,HAW,Mid,MID,,
ABrayshawMEL,450,A,Angus,Brayshaw,MEL,Mid,DEF,,
AN-BullenMEL,451,A,Alex,Neal-Bullen,MEL,MF,MID,,
AVandenbergMEL,452,A,Aaron,Vandenberg,MEL,Mid,MID,,
ANietschkeMEL,909,A,Aaron,Nietschke,MEL,Mid,MID,,
ABradtkeMEL,910,A,Austin,Bradtke,MEL,Ruck,RU,,
BFritschMEL,453,B,Bayley,Fritsch,MEL,GenD,FWD,,
BStretchMEL,454,B,Billy,Stretch,MEL,MF,MID,,
BVinceMEL,455,B,Bernie,Vince,MEL,Mid,MID,,
BPreussMEL,500,B,Braydon,Preuss,MEL,Ruck,RU,206,114
CMaynardMEL,456,C,Corey,Maynard,MEL,Mid,MID,,
COliverMEL,457,C,Clayton,Oliver,MEL,Mid,MID,,
CPedersenMEL,458,C,Cameron,Pederson,MEL,KeyF,FWD,,
CPetraccaMEL,459,C,Christian,Petracca,MEL,MF,MID,,
CSalemMEL,460,C,Christian,Salem,MEL,GenD,DEF,,
CSpargoMEL,461,C,Charlie,Spargo,MEL,Mid,MID,,
CWagnerMEL,858,C,Cory,Wagner,MEL,Mid,MID,,
DJohnstoneMEL,462,D,Dion,Johnstone,MEL,GenF,FWD,,
DKeiltyMEL,463,D,Declan,Keilty,MEL,KeyD,DEF,,
GWalkerMEL,911,G,Guy,Walker,MEL,GenD,DEF,,
HBalicMEL,466,H,Harley,Balic,MEL,MF,MID,,
HPettyMEL,467,H,Harrison,Petty,MEL,KeyD,DEF,,
JGarlettMEL,468,J,Jeff,Garlett,MEL,GenF,FWD,,
JHarmesMEL,469,J,James,Harmes,MEL,Mid,MID,,
JHuntMEL,471,J,Jayden,Hunt,MEL,GenF,DEF,,
JK-HarrisMEL,472,J,Jay,Kennedy-Harris,MEL,MF,MID,,
JLeverMEL,473,J,Jake,Lever,MEL,KeyD,DEF,,
JLewisMEL,474,J,Jordan,Lewis,MEL,GenD,MID,,
JMelkshamMEL,475,J,Jake,Melksham,MEL,MF,Mid,,
JSmithMEL,476,J,Joel,Smith,MEL,GenF,DEF,,
JVineyMEL,477,J,Jack,Viney,MEL,Mid,MID,,
JWagnerMEL,478,J,Josh,Wagner,MEL,GenF,DEF,,
JLockhartMEL,860,J,Jay,Lockhart,MEL,GenD,DEF,,
JJordonMEL,912,J,James,Jordon,MEL,Mid,MID,,
KKolodjashnijMEL,296,K,Kade,Kolodjashnij,MEL,GenD,DEF,,
KChandlerMEL,913,K,Kade,Chandler,MEL,Mid,MID,,
KDunkleyMEL,948,K,Kyle,Dunkley,MEL,Mid,MID,,
LFilipovicMEL,479,L,Lachlan,Filipovic,MEL,Ruck,RU,,
MGawnMEL,480,M,Max,Gawn,MEL,Ruck,RU,,
MHannanMEL,481,M,Mitch,Hannan,MEL,GenF,FWD,,
MHibberdMEL,482,M,Michael,Hibberd,MEL,GenD,DEF,,
MKingMEL,483,M,Mitchell,King,MEL,Ruck,RU,,
MHoreMEL,914,M,Marty,Hore,MEL,GenD,DEF,,
NJettaMEL,484,N,Neville,Jetta,MEL,GenD,DEF,,
NJonesMEL,485,N,Nathan,Jones,MEL,Mid,MID,,
OBakerMEL,486,O,Oskar,Baker,MEL,GenF,FWD,,
OMcDonaldMEL,487,O,Oscar,McDonald,MEL,GenD,DEF,,
PMcKennaMEL,488,P,Patrick,McKenna,MEL,GenF,FWD,,
SMayMEL,309,S,Steven,May,MEL,KeyD,DEF,,
SFrostMEL,489,S,Sam,Frost,MEL,KeyD,DEF,,
SWeidemanMEL,490,S,Sam,Weideman,MEL,KeyF,FWD,195,97
TMcDonaldMEL,492,T,Tom,McDonald,MEL,KeyF,FWD,194,100
TSmithMEL,493,T,Timothy,Smith,MEL,GenF,FWD,,
TBedfordMEL,915,T,Toby,Bedford,MEL,MF,MID,,
TSparrowMEL,916,T,Tom,Sparrow,MEL,Mid,MID,,
AHallNME,270,A,Aaron,Hall,NME,Mid,MID,,
AMorganNME,494,A,Alex,Morgan,NME,GenD,DEF,,
BBrownNME,495,B,Ben,Brown,NME,KeyF,FWD,200,101
BCunningtonNME,496,B,Ben,Cunnington,NME,Mid,MID,,
BHartungNME,497,B,Billy,Hartung,NME,Mid,MID,,
BJacobsNME,498,B,Ben,Jacobs,NME,Mid,MID,,
BMcKayNME,499,B,Ben,McKay,NME,KeyD,DEF,,
BScottNME,855,B,Bailey,Scott,NME,MF,MID,,
CZurhaarNME,501,C,Cameron,Zurhaar,NME,GenF,FWD,,
CTaylorNME,856,C,Curtis,Taylor,NME,GenF,MID,,
DTysonNME,465,D,Dom,Tyson,NME,Mid,MID,,
DMountfordNME,502,D,Declan,Mountford,NME,Mid,MID,,
DNielsonNME,503,D,Daniel,Nielson,NME,KeyD,DEF,,
DWatsonNME,504,D,Declan,Watson,NME,KeyD,DEF,,
EV-WillisNME,505,E,Ed,Vickers-Willis,NME,GenD,DEF,,
GNarrierNME,506,G,Gordon,Narrier,NME,GenF,FWD,,
JAndersonNME,507,J,Jed,Anderson,NME,Mid,MID,,
JMacMillanNME,508,J,Jamie,MacMillan,NME,GenD,DEF,,
JSimpkinNME,509,J,Jy,Simpkin,NME,MF,FWD,,
JWaiteNME,510,J,Jarrad,Waite,NME,KeyF,FWD,,
JWilliamsNME,511,J,Josh,Williams,NME,Mid,MID,,
JZiebellNME,512,J,Jack,Ziebell,NME,MF,MID,,
JPittardNME,557,J,Jasper,Pittard,NME,GenD,DEF,,
JPolecNME,558,J,Jared,Polec,NME,Mid,MID,,
JCrockerNME,857,J,Joel,Crocker,NME,GenF,MID,,
KHaydenNME,513,K,Kyron,Hayden,NME,Mid,MID,,
KTurnerNME,514,K,Kayne,Turner,NME,MF,FWD,,
LD-UniackeNME,515,L,Luke,Davies-Uniacke,NME,Mid,MID,,
LMcDonaldNME,516,L,Luke,McDonald,NME,GenD,MID,,
LHosieNME,944,L,Lachlan,Hosie,NME,GenF,FWD,,
MDawNME,517,M,Majak,Daw,NME,KeyD,RU,,
MHibberdNME,518,M,Mitchell,Hibberd,NME,GenD,DEF,,
MWilliamsNME,519,M,Marley,Williams,NME,GenD,DEF,,
MWoodNME,520,M,Mason,Wood,NME,KeyF,FWD,192,87
NHrovatNME,521,N,Nathan,Hrovat,NME,MF,FWD,,
NLarkeyNME,522,N,Nick,Larkey,NME,KeyF,DEF,198,93
OJunkerNME,523,O,Oscar,Junker,NME,Mid,MID,,
PAhernNME,524,P,Paul,Ahern,NME,Mid,MID,,
RTarrantNME,526,R,Robbie,Tarrant,NME,KeyD,DEF,,
ROg MurphyNME,858,R,Red,Og Murphy,NME,Mid,MID,,
SAtleyNME,527,S,Shaun,Atley,NME,GenD,DEF,,
SDurdinNME,528,S,Sam,Durdin,NME,GenD,DEF,,
SHigginsNME,529,S,Shaun,Higgins,NME,Mid,MID,,
SThompsonNME,530,S,Scott,Thompson,NME,KeyD,DEF,193,96
SWrightNME,531,S,Sam,Wright,NME,GenD,DEF,,
TDumontNME,532,T,Trent,Dumont,NME,Mid,MID,,
TGarnerNME,533,T,Taylor,Garner,NME,GenF,FWD,,
TGoldsteinNME,534,T,Todd,Goldstein,NME,Ruck,RU,,
TJeffriesNME,535,T,Tom,Jefferies,NME,Ruck,RU,,
TMurphyNME,536,T,Thomas,Murphy,NME,Mid,MID,,
TXerriNME,537,T,Tristan,Xerri,NME,Ruck,RU,,
TCampbellNME,758,T,Tom,Campbell,NME,Ruck,RU,,
TThomasNME,859,T,Tarryn,Thomas,NME,MF,MID,,
TWilkinsonNME,860,T,Tom,Wilkinson,NME,GenF,FWD,,
TMcKenzieNME,861,T,Tom,McKenzie,NME,Mid,MID,,
WWalkerNME,538,W,Will,Walker,NME,MF,MID,,
AJohnsonPOR,539,A,Aidyn,Johnson,POR,GenD,DEF,,
BEbertPOR,540,B,Brad,Ebert,POR,Mid,MID,,
BWoodcockPOR,817,B,Boyd,Woodcock,POR,Mid,MID,,
CSutcliffePOR,237,C,Cameron,Sutcliffe,POR,GenD,DEF,,
CDixonPOR,542,C,Charlie,Dixon,POR,KeyF,FWD,200,108
CHewettPOR,543,C,Cameron,Hewett,POR,Mid,MID,,
CRozeePOR,818,C,Connor,Rozee,POR,GenF,FWD,,
DBarryPOR,545,D,Dom,Barry,POR,Mid,MID,,
DB-JonesPOR,546,D,Darcy,Byrne-Jones,POR,GenD,DEF,,
DHoustonPOR,547,D,Daniel,Houston,POR,GenD,DEF,,
DHowardPOR,548,D,Dougal,Howard,POR,KeyD,DEF,,
EIrraPOR,549,E,Emmanuel,Irra,POR,Mid,MID,,
HHartlettPOR,550,H,Hamish,Hartlett,POR,GenD,DEF,,
JAtleyPOR,551,J,Joe,Atley,POR,Mid,MID,,
JGarnerPOR,552,J,Joel,Garner,POR,GenD,DEF,,
JLienertPOR,554,J,Jarrod,Lienert,POR,GenD,DEF,,
JNeadePOR,555,J,Jake,Neade,POR,GenF,FWD,,
JPatmorePOR,556,J,Jake,Patmore,POR,Mid,MID,,
JToumpasPOR,559,J,Jimmy,Toumpas,POR,Mid,MID,,
JTrengovePOR,560,J,Jack,Trengove,POR,Mid,MID,,
JWattsPOR,561,J,Jack,Watts,POR,GenF,FWD,,
JWesthoffPOR,562,J,Justin,Westhoff,POR,GenF,FWD,,
KAmonPOR,563,K,Karl,Amon,POR,Mid,MID,,
KFarrellPOR,564,K,Kane,Farrell,POR,GenF,FWD,,
KPudneyPOR,819,K,Kai,Pudney,POR,Mid,MID,,
LThomasPOR,565,L,Lindsay,Thomas,POR,GenF,FWD,,
MBroadbentPOR,566,M,Matthew,Broadbent,POR,GenD,DEF,,
MFrederickPOR,820,M,Martin,Frederick,POR,GenD,DEF,,
OWinesPOR,567,O,Ollie,Wines,POR,Mid,MID,,
PLadhamsPOR,568,P,Peter,Ladhams,POR,Ruck,RU,,
PRyderPOR,569,P,Patrick,Ryder,POR,Ruck,RU,,
RBurtonPOR,440,R,Ryan,Burton,POR,GenD,DEF,,
RBonnerPOR,570,R,Riley,Bonner,POR,GenD,DEF,,
RGrayPOR,571,R,Robbie,Gray,POR,MF,FWD,,
RGrundyPOR,821,R,Riley,Grundy,POR,KeyD,DEF,,
SMayesPOR,85,S,Sam,Mayes,POR,GenD,DEF,,
SGrayPOR,572,S,Sam,Gray,POR,GenF,FWD,,
SHayesPOR,573,S,Sam,Hayes,POR,Ruck,RU,,
SMotlopPOR,574,S,Steven,Motlop,POR,MF,MID,,
SP-PepperPOR,575,S,Sam,Powell-Pepper,POR,Mid,MID,,
SLycettPOR,802,S,Scott,Lycett,POR,Ruck,RU,,
TBoakPOR,576,T,Travis,Boak,POR,Mid,FWD,,
TClureyPOR,577,T,Tom,Clurey,POR,KeyD,DEF,,
TJonasPOR,578,T,Tom,Jonas,POR,KeyD,DEF,,
TMarshallPOR,579,T,Todd,Marshall,POR,KeyF,FWD,198,90
TMcKenziePOR,580,T,Trent,McKenzie,POR,GenD,DEF,,
TRockliffPOR,581,T,Tom,Rockliff,POR,Mid,MID,,
TCoxPOR,822,T,Tobin,Cox,POR,GenF,FWD,,
BFramptonPOR,541,W,William,Frampton,POR,Ruck,RU,,
WDrewPOR,582,W,Willem,Drew,POR,Mid,MID,,
XDuursmaPOR,823,X,Xavier,Duursma,POR,GenD,MID,,
ZButtersPOR,824,Z,Zak,Butters,POR,Mid,MID,,
ARanceRIC,585,A,Alex,Rance,RIC,KeyD,DEF,,
BEllisRIC,586,B,Brandon,Ellis,RIC,GenD,DEF,,
BGriffithsRIC,587,B,Ben,Griffths,RIC,KeyF,FWD,,
BHouliRIC,588,B,Bachar,Houli,RIC,GenD,Def,,
BMillerRIC,589,B,Ben,Miller,RIC,Ruck,RU,,
CC-JonesRIC,590,C,Callum,Coleman-Jones,RIC,Ruck,RU,,
CMenadueRIC,592,C,Connor,Menadue,RIC,GenD,FWD,,
CMooreRIC,593,C,Callum,Moore,RIC,GenF,MID,,
DAstburyRIC,594,D,David,Astbury,RIC,KeyD,DEF,,
DButlerRIC,595,D,Daniel,Butler,RIC,GenF,FWD,,
DE-SmithRIC,596,D,Derek,Eggmolesse-Smith,RIC,GenD,DEF,,
DGrimesRIC,597,D,Dylan,Grimes,RIC,KeyD,DEF,,
DMartinRIC,598,D,Dustin,Martin,RIC,Mid,MID,,
DPrestiaRIC,599,D,Dion,Prestia,RIC,Mid,MID,,
DRioliRIC,600,D,Daniel,Rioli,RIC,GenF,FWD,,
FTurnerRIC,917,F,Fraser,Turner,RIC,Mid,MID,,
ISoldoRIC,601,I,Ivan,Soldo,RIC,Ruck,RU,,
JCaddyRIC,602,J,Josh,Caddy,RIC,MF,FWD,,
JCastagnaRIC,603,J,Jason,Castagna,RIC,GenF,FWD,,
JGrahamRIC,604,J,Jack,Graham,RIC,Mid,MID,,
JHigginsRIC,605,J,Jack,Higgins,RIC,MF,MID,,
JRiewoldtRIC,606,J,Jack,Riewoldt,RIC,KeyF,FWD,193,92
JShortRIC,607,J,Jayden,Short,RIC,GenD,DEF,,
JTownsendRIC,608,J,Jacob,Townsend,RIC,GenF,FWD,,
JRossRIC,918,J,Jack,Ross,RIC,Mid,MID,,
JAartsRIC,919,J,Jake,Aarts,RIC,GenF,FWD,,
KLambertRIC,609,K,Kane,Lambert,RIC,MF,MID,,
KMcintoshRIC,610,K,Kamdyn,McIntosh,RIC,Mid,MID,,
LBakerRIC,611,L,Liam,Baker,RIC,GenF,FWD,,
LEnglishRIC,920,L,Luke,English,RIC,GenF,MID,,
MCholRIC,612,M,Mabior,Chol,RIC,KeyF,RU,,
MWellerRIC,660,M,Maverick,Weller,RIC,MF,FWD,,
MPickettRIC,950,M,Marlion,Pickett,RIC,Mid,MID,,
NBaltaRIC,613,N,Noah,Balta,RIC,KeyF,FWD,194,94
NBroadRIC,614,N,Nathan,Broad,RIC,GenD,DEF,,
NDrummondRIC,615,N,Nathan,Drummond,RIC,GenD,DEF,,
NVlastuinRIC,616,N,Nick,Vlastuin,RIC,GenD,DEF,,
OMarkovRIC,617,O,Oleg,Markov,RIC,GenF,FWD,,
PNaishRIC,620,P,Patrick,Naish,RIC,GenF,FWD,,
RGarthwaiteRIC,619,R,Ryan,Garthwaite,RIC,MF,FWD,,
RCollier-DawkinsRIC,921,R,Riley,Collier-Dawkins,RIC,GenD,MID,,
SBoltonRIC,621,S,Shai,Bolton,RIC,GenF,FWD,,
SEdwardsRIC,622,S,Shane,Edwards,RIC,MF,MID,,
SGriggRIC,623,S,Shaun,Grigg,RIC,Mid,MID,,
SHampsonRIC,624,S,Shaun,Hampson,RIC,Ruck,RU,,
SStackRIC,922,S,Sydney,Stack,RIC,Mid,MID,,
TLynchRIC,310,T,Tom,Lynch,RIC,KeyF,FWD,199,99
TCotchinRIC,626,T,Trent,Cotchin,RIC,Mid,MID,,
TNankervisRIC,627,T,Toby,Nankervis,RIC,Ruck,RU,,
BAcresSTK,629,B,Blake,Acres,STK,MF,MID,,
BLongSTK,630,B,Ben,Long,STK,GenF,FWD,,
BLongerSTK,631,B,Billy,Longer,STK,Ruck,RU,,
BPatonSTK,632,B,Ben,Paton,STK,GenD,DEF,,
BRiceSTK,633,B,Bailey,Rice,STK,GenD,DEF,,
BWhiteSTK,634,B,Brandon,White,STK,GenD,DEF,,
CWilkieSTK,862,C,Callum,Wilkie,STK,GenD,DEF,,
DKentSTK,464,D,Dean,Kent,STK,GenF,FWD,,
DArmitageSTK,635,D,David,Armitage,STK,Mid,MID,,
DJoyceSTK,636,D,Darragh,Joyce,STK,KeyD,DEF,,
DLanglandsSTK,637,D,Doulton,Langlands,STK,GenF,DEF,,
DMcKenzieSTK,638,D,Daniel,McKenzie,STK,GenD,MID,,
DRobertonSTK,640,D,Dylan,Roberton,STK,GenD,DEF,,
DHanneberySTK,682,D,Dan,Hannebery,STK,Mid,MID,,
EPhillipsSTK,641,E,Ed,Phillips,STK,Mid,MID,,
HClarkSTK,642,H,Hunter,Clark,STK,Mid,MID,,
JBattleSTK,644,J,Josh,Battle,STK,GenD,FWD,,
JBillingsSTK,645,J,Jack,Billings,STK,MF,FWD,,
JBruceSTK,646,J,Josh,Bruce,STK,KeyF,FWD,197,102
JCarlisleSTK,647,J,Jake,Carlisle,STK,KeyD,DEF,,
JGearySTK,648,J,Jarryn,Geary,STK,GenD,DEF,,
JGreshamSTK,649,J,Jade,Gresham,STK,MF,MID,,
JLonieSTK,650,J,Jack,Lonie,STK,GenF,FWD,,
JNewnesSTK,651,J,Jack,Newnes,STK,Mid,MID,,
JSinclairSTK,652,J,Jack,Sinclair,STK,MF,FWD,,
JSteeleSTK,653,J,Jack,Steele,STK,Mid,MID,,
JStevenSTK,654,J,Jack,Steven,STK,Mid,MID,,
JWebsterSTK,655,J,Jimmy,Webster,STK,GenD,DEF,,
JMarshSTK,861,J,Jonathon,Marsh,STK,KeyD,DEF,,
JBytelSTK,863,J,Jack,Bytel,STK,Mid,MID,,
JMayoSTK,941,J,Jack,Mayo,STK,GenF,FWD,,
KStevensSTK,656,K,Koby,Stevens,STK,Mid,MID,,
LAustinSTK,657,L,Logan,Austin,STK,KeyD,DEF,,
LDunstanSTK,658,L,Luke,Dunstan,STK,Mid,MID,,
LPierceSTK,659,L,Lewis,Pierce,STK,Ruck,RU,,
MParkerSTK,864,M,Matthew,Parker,STK,GenF,FWD,,
MKingSTK,865,M,Max,King,STK,KeyF,FWD,203,90
NBrownSTK,661,N,Nathan,Brown,STK,KeyD,DEF,,
NCoffieldSTK,662,N,Nicholas,Coffield,STK,GenD,MID,,
NFreemanSTK,663,N,Nathan,Freeman,STK,Mid,MID,,
NWrightSTK,664,N,Nathan,Wright,STK,GenD,DEF,,
NHindSTK,866,N,Nick,Hind,STK,GenD,MID,,
OClavarinoSTK,665,O,Oscar,Clavarino,STK,KeyD,DEF,,
PMcCartinSTK,666,P,Paddy,McCartin,STK,KeyF,FWD,194,100
RConnellanSTK,667,R,Ray,Connellan,STK,Mid,MID,,
RMarshallSTK,668,R,Rowan,Marshall,STK,Ruck,FWD,,
RYoungSTK,867,R,Robert,Young,STK,GenF,FWD,,
SGilbertSTK,669,S,Sam,Gilbert,STK,GenD,DEF,,
SRossSTK,670,S,Sebastian,Ross,STK,Mid,MID,,
SSavageSTK,671,S,Shane,Savage,STK,GenD,DEF,,
SAlabakisSTK,868,S,Sam,Alabakis,STK,Ruck,RU,,
TMembreySTK,673,T,Tim,Membrey,STK,KeyF,FWD,188,89
AAliirSYD,674,A,Aliir,Aliir,SYD,KeyD,DEF,,
AJohnsonSYD,675,A,Alex,Johnson,SYD,Mid,MID,,
AStylesSYD,676,A,Angus,Styles,SYD,GenD,DEF,,
BRonkeSYD,677,B,Ben,Ronke,SYD,GenF,FWD,,
CMillsSYD,678,C,Callum,Mills,SYD,GenD,DEF,,
CO'RiordanSYD,679,C,Colin,O'Riordan,SYD,GenD,DEF,,
CSinclairSYD,680,C,Callum,Sinclair,SYD,Ruck,RU,,
CHirstSYD,946,C,Cody,Hirst,SYD,Mid,MID,,
DMenzelSYD,320,D,Daniel,Menzel,SYD,GenF,FWD,,
DCameronSYD,681,D,Darcy,Cameron,SYD,Ruck,RU,,
DRampeSYD,683,D,Dane,Rampe,SYD,GenD,DEF,,
DRobinsonSYD,684,D,Daniel,Robinson,SYD,GenF,FWD,,
DTowersSYD,685,D,Dean,Towers,SYD,GenF,FWD,,
DTuckerSYD,891,D,Durak,Tucker,SYD,GenD,DEF,,
GHewettSYD,686,G,George,Hewett,SYD,Mid,MID,,
HCunninghamSYD,688,H,Harry,Cunningham,SYD,GenD,FWD,,
HGrundySYD,689,H,Heath,Grundy,SYD,GenD,DEF,,
HMarshSYD,690,H,Harry,Marsh,SYD,GenD,DEF,,
HReynoldsSYD,892,H,Harry,Reynolds,SYD,KeyD,DEF,,
HMcLeanSYD,951,H,Hayden,McLean,SYD,Ruck,FWD,,
IHeeneySYD,691,I,Isaac,Heeney,SYD,Mid,MID,,
JThurlowSYD,334,J,Jackson,Thurlow,SYD,GenD,MID,,
JAmarteySYD,692,J,Joel,Amartey,SYD,Ruck,RU,,
JBellSYD,693,J,James,Bell,SYD,Mid,MID,,
JBrownSYD,694,J,Jake,Brown,SYD,Mid,MID,,
JDawsonSYD,695,J,Jordan,Dawson,SYD,GenD,FWD,,
JFooteSYD,696,J,Jordan,Foote,SYD,Mid,MID,,
JKennedySYD,697,J,Josh,Kennedy,SYD,Mid,MID,,
JLloydSYD,698,J,Jake,Lloyd,SYD,GenD,DEF,,
JMaibaumSYD,699,J,Jack,Maibaum,SYD,KeyD,DEF,,
JMcVeighSYD,700,J,Jarrad,McVeigh,SYD,GenD,DEF,,
JRoseSYD,701,J,James,Rose,SYD,GenF,FWD,,
JRowbottomSYD,893,J,James,Rowbottom,SYD,Mid,MID,,
JMcinerneySYD,894,J,Justin,McInerney,SYD,GenD,DEF,,
KJackSYD,702,K,Kieren,Jack,SYD,Mid,MID,,
KTippettSYD,703,K,Kurt,Tippett,SYD,KeyF,FWD,202,106
LFranklinSYD,704,L,Lance,Franklin,SYD,KeyF,FWD,199,107
LMelicanSYD,705,L,Lewis,Melican,SYD,KeyD,DEF,,
LParkerSYD,706,L,Luke,Parker,SYD,MF,MID,,
MLingSYD,707,M,Matthew,Ling,SYD,GenD,DEF,,
MLingSYD,895,M,Matthew,Ling,SYD,GenD,DEF,,
MKnollSYD,945,M,Michael,Knoll,SYD,Ruck,RU,,
NSmithSYD,709,N,Nick,Smith,SYD,GenD,DEF,,
NBlakeySYD,896,N,Nick,Blakey,SYD,GenF,FWD,,
OFlorentSYD,710,O,Oliver,Florent,SYD,MF,MID,,
RClarkeSYD,525,R,Ryan,Clarke,SYD,GenD,DEF,,
RFoxSYD,711,R,Robbie,Fox,SYD,GenF,DEF,,
RStoddartSYD,712,R,Ryley,Stoddart,SYD,GenD,DEF,,
SNaismithSYD,713,S,Sam,Naismith,SYD,Ruck,S. Naismith,,
SReidSYD,714,S,Sam,Reid,SYD,KeyF,FWD,196,100
SWicksSYD,897,S,Samuel,Wicks,SYD,Mid,MID,,
TMcCartinSYD,715,T,Tom,McCartin,SYD,KeyD,FWD,192,82
TPapleySYD,716,T,Tom,Papley,SYD,GenF,FWD,,
TPinkSYD,717,T,Toby,Pink,SYD,KeyF,FWD,194,92
WHaywardSYD,718,W,Will,Hayward,SYD,GenF,FWD,,
ZJonesSYD,719,Z,Zak,Jones,SYD,Mid,MID,,
ZFootSYD,898,Z,Zac,Foot,SYD,GenF,FWD,,
ANaughtonWBD,720,A,Aaron,Naughton,WBD,KeyF,DEF,195,89
BDaleWBD,721,B,Bailey,Dale,WBD,GenF,FWD,,
BGowersWBD,722,B,Billy,Gowers,WBD,GenF,FWD,,
BLynchWBD,723,B,Brad,Lynch,WBD,GenD,DEF,,
BWilliamsWBD,724,B,Bailey,Williams,WBD,GenD,DEF,,
BSmithWBD,931,B,Bailey,Smith,WBD,Mid,MID,,
BCavarraWBD,932,B,Ben,Cavarra,WBD,GenF,FWD,,
BKhamisWBD,933,B,Buku,Khamis,WBD,GenD,DEF,,
CDanielWBD,725,C,Caleb,Daniel,WBD,GenD,MID,,
CPorterWBD,726,C,Callum,Porter,WBD,Mid,MID,,
CSmithWBD,727,C,Clay,Smith,WBD,MF,MID,,
DMorrisWBD,728,D,Dale,Morris,WBD,GenD,DEF,,
ERichardsWBD,729,E,Ed,Richards,WBD,GenD,DEF,,
EWoodWBD,730,E,Easton,Wood,WBD,KeyD,DEF,,
FGreeneWBD,731,F,Fergus,Greene,WBD,GenF,FWD,,
FRobertsWBD,732,F,Fletcher,Roberts,WBD,KeyD,DEF,,
HCrozierWBD,733,H,Hayden,Crozier,WBD,GenD,FWD,,
JDunkleyWBD,734,J,Josh,Dunkley,WBD,Mid,FWD,,
JJohannisenWBD,735,J,Jason,Johannisen,WBD,GenD,DEF,,
JMacraeWBD,736,J,Jack,Macrae,WBD,Mid,MID,,
JRedpathWBD,737,J,Jack,Redpath,WBD,KeyF,FWD,,
JSchacheWBD,739,J,Josh,Schache,WBD,KeyF,FWD,199,94
JTrengoveWBD,740,J,Jackson,Trengove,WBD,KeyD,FWD,,
JSweetWBD,934,J,Jordon,Sweet,WBD,Ruck,RU,,
KCollinsWBD,741,K,Kieran,Collins,WBD,KeyD,DEF,,
LHunterWBD,743,L,Lachie,Hunter,WBD,Mid,MID,,
LJongWBD,744,L,Lin,Jong,WBD,Mid,MID,,
LPickenWBD,745,L,Liam,Picken,WBD,MF,MID,,
LWebbWBD,746,L,Lukas,Webb,WBD,GenD,DEF,,
LYoungWBD,747,L,Lewis,Young,WBD,KeyD,DEF,,
LYoungsWBD,935,L,Lachlan,Youngs,WBD,GenD,DEF,,
LVandermeerWBD,936,L,Laitham,Vandermeer,WBD,GenF,FWD,,
MBontempelliWBD,749,M,Marcus,Bontempelli,WBD,Mid,MID,,
MHoneychurchWBD,750,M,Mitch,Honeychurch,WBD,GenF,FWD,,
MSucklingWBD,751,M,Matthew,Suckling,WBD,GenD,DEF,,
MWallisWBD,752,M,Mitch,Wallis,WBD,Mid,MID,,
NMullenger-McHughWBD,753,N,Nathan,Mullenger-McHugh,WBD,Ruck,RU,,
PLipinskiWBD,754,P,Patrick,Lipinski,WBD,Mid,MID,,
RSmithWBD,755,R,Roarke,Smith,WBD,GenD,DEF,,
RWestWBD,937,R,Rhylee,West,WBD,Mid,MID,,
RGardnerWBD,940,R,Ryan,Gardner,WBD,KeyD,FWD,,
SLloydWBD,625,S,Sam,Lloyd,WBD,GenF,FWD,,
SBiggsWBD,756,S,Shane,Biggs,WBD,GenD,DEF,,
TDuryeaWBD,444,T,Taylor,Duryea,WBD,GenD,DEF,,
TBoydWBD,757,T,Tom,Boyd,WBD,Ruck,RU,,
TDicksonWBD,759,T,Tory,Dickson,WBD,GenF,FWD,,
TEnglishWBD,760,T,Timothy,English,WBD,Ruck,RU,,
TLiberatoreWBD,761,T,Tom,Liberatore,WBD,Mid,MID,,
TMcLeanWBD,762,T,Toby,McLean,WBD,MF,MID,,
WHayesWBD,938,W,Will,Hayes,WBD,Mid,MID,,
ZCordyWBD,763,Z,Zaine,Cordy,WBD,KeyD,DEF,,
AGaffWCE,764,A,Andrew,Gaff,WCE,Mid,MID,,
BCheeWCE,765,B,Brendon,Ah Chee,WCE,Mid,MID,,
BAinsworthWCE,766,B,Brayden,Ainsworth,WCE,Mid,MID,,
BSheppardWCE,767,B,Brad,Sheppard,WCE,GenD,DEF,,
BRiachWCE,848,B,Brodie,Riach,WCE,Mid,MID,,
BWilliamsWCE,855,B,Bailey J.,Williams,WCE,Ruck,RU,,
CEnglandWCE,768,C,Callan,England,WCE,Mid,MID,,
CMastenWCE,769,C,Chris,Masten,WCE,Mid,MID,,
DSheedWCE,770,D,Dom,Sheed,WCE,Mid,MID,,
DVenablesWCE,771,D,Daniel,Venables,WCE,MF,MID,,
EMacKenzieWCE,772,E,Eric,MacKenzie,WCE,KeyD,DEF,,
EYeoWCE,773,E,Elliot,Yeo,WCE,Mid,DEF,,
FMcInnesWCE,774,F,Fraser,McInnes,WCE,GenF,FWD,,
FWatsonWCE,775,F,Francis,Watson,WCE,GenD,DEF,,
HBrayshawWCE,776,H,Hamish,Brayshaw,WCE,Mid,MID,,
HEdwardsWCE,849,H,Harry,Edwards,WCE,Ruck,RU,,
JSmithWCE,158,J,Josh,Smith,WCE,Mid,MID,,
JBranderWCE,777,J,Jarrod,Brander,WCE,KeyF,FWD,195,90
JCrippsWCE,778,J,Jamie,Cripps,WCE,GenF,FWD,,
JDarlingWCE,779,J,Jack,Darling,WCE,KeyF,FWD,191,95
JKennedyWCE,780,J,Josh,Kennedy,WCE,KeyF,FWD,196,102
JMcGovernWCE,781,J,Jeremy,McGovern,WCE,KeyD,DEF,,
JNelsonWCE,782,J,Jackson,Nelson,WCE,GenD,DEF,,
JPetruccelleWCE,783,J,Jack,Petruccelle,WCE,GenF,MID,,
JReddenWCE,784,J,Jack,Redden,WCE,Mid,MID,,
JRothamWCE,785,J,Josh,Rotham,WCE,KeyD,DEF,,
JWatermanWCE,786,J,Jake,Waterman,WCE,KeyF,FWD,191,92
JCameronWCE,850,J,Jarrod,Cameron,WCE,MF,MID,,
KMutimerWCE,787,K,Kurt,Mutimer,WCE,Mid,MID,,
KBrooksbyWCE,851,K,Keegan,Brooksby,WCE,Ruck,RU,,
LDugganWCE,788,L,Liam,Duggan,WCE,GenD,MID,,
LJettaWCE,789,L,Lewis,Jetta,WCE,Mid,MID,,
LPartingtonWCE,790,L,Luke,Partington,WCE,Mid,MID,,
LRyanWCE,791,L,Liam,Ryan,WCE,GenF,FWD,,
LShueyWCE,792,L,Luke,Shuey,WCE,Mid,MID,,
LFoleyWCE,852,L,Luke,Foley,WCE,GenF,MID,,
MAllenWCE,793,M,Matthew,Allen,WCE,GenF,FWD,,
MHutchingsWCE,794,M,Mark,Hutchings,WCE,Mid,MID,,
MKarpanyWCE,795,M,Malcolm,Karpany,WCE,Mid,MID,,
MLeCrasWCE,796,M,Mark,LeCras,WCE,GenF,FWD,,
NNaitanuiWCE,797,N,Nic,Naitanui,WCE,Ruck,RU,,
NVardyWCE,798,N,Nathan,Vardy,WCE,Ruck,RU,,
OAllenWCE,799,O,Oscar,Allen,WCE,KeyF,FWD,192,87
PBinesWCE,853,P,Patrick,Bines,WCE,Ruck,RU,,
RBurrowsWCE,800,R,Ryan,Burrows,WCE,GenD,FWD,,
SHurnWCE,801,S,Shannon,Hurn,WCE,KeyD,DEF,,
THickeyWCE,672,T,Tom,Hickey,WCE,Ruck,RU,,
TBarrassWCE,803,T,Tom,Barrass,WCE,KeyD,DEF,,
TBayokWCE,804,T,Tarir,Bayok,WCE,Mid,MID,,
TColeWCE,805,T,Tom,Cole,WCE,GenD,DEF,,
TOlangoWCE,806,T,Tony,Olango,WCE,Ruck,RU,,
WRioliWCE,807,W,Willie,Rioli,WCE,GenF,FWD,,
WSchofieldWCE,808,W,Will,Schofield,WCE,KeyD,DEF,,
XO'NeillWCE,854,X,Xavier,O'Neill,WCE,GenF,MID,,
